geoid,name,B01003001,"B01003001, Error"
04000US53,Washington,7688549,
61000US53001,"Legislative District 1, WA",158757,2441
61000US53002,"Legislative District 2, WA",159367,4178
61000US53003,"Legislative District 3, WA",155132,2486
61000US53004,"Legislative District 4, WA",159107,1949
61000US53005,"Legislative District 5, WA",156345,3093
61000US53006,"Legislative District 6, WA",158189,3386
61000US53007,"Legislative District 7, WA",159126,1661
61000US53008,"Legislative District 8, WA",156055,2473
61000US53009,"Legislative District 9, WA",157894,2646
61000US53010,"Legislative District 10, WA",158921,1945
61000US53011,"Legislative District 11, WA",153603,2112
61000US53012,"Legislative District 12, WA",157084,1741
61000US53013,"Legislative District 13, WA",156178,2010
61000US53014,"Legislative District 14, WA",153327,2673
61000US53015,"Legislative District 15, WA",162345,3588
61000US53016,"Legislative District 16, WA",158376,2523
61000US53017,"Legislative District 17, WA",156767,2952
61000US53018,"Legislative District 18, WA",157807,2722
61000US53019,"Legislative District 19, WA",160680,2122
61000US53020,"Legislative District 20, WA",155379,3175
61000US53021,"Legislative District 21, WA",152984,3788
61000US53022,"Legislative District 22, WA",157802,2223
61000US53023,"Legislative District 23, WA",156238,2022
61000US53024,"Legislative District 24, WA",158376,1069
61000US53025,"Legislative District 25, WA",157460,3124
61000US53026,"Legislative District 26, WA",157133,2462
61000US53027,"Legislative District 27, WA",154067,2179
61000US53028,"Legislative District 28, WA",154601,1946
61000US53029,"Legislative District 29, WA",156433,3315
61000US53030,"Legislative District 30, WA",156449,2237
61000US53031,"Legislative District 31, WA",157110,2664
61000US53032,"Legislative District 32, WA",158734,1756
61000US53033,"Legislative District 33, WA",155779,2340
61000US53034,"Legislative District 34, WA",154523,3592
61000US53035,"Legislative District 35, WA",160366,2695
61000US53036,"Legislative District 36, WA",156630,3033
61000US53037,"Legislative District 37, WA",158209,4130
61000US53038,"Legislative District 38, WA",156141,2369
61000US53039,"Legislative District 39, WA",153799,2443
61000US53040,"Legislative District 40, WA",158823,2373
61000US53041,"Legislative District 41, WA",155353,2598
61000US53042,"Legislative District 42, WA",155371,2313
61000US53043,"Legislative District 43, WA",152481,3143
61000US53044,"Legislative District 44, WA",159204,3516
61000US53045,"Legislative District 45, WA",157820,2744
61000US53046,"Legislative District 46, WA",159396,3229
61000US53047,"Legislative District 47, WA",154692,2778
61000US53048,"Legislative District 48, WA",156056,2480
61000US53049,"Legislative District 49, WA",156080,2676
