geoid,name,B19013001,"B19013001, Error"
61000US53001,"Legislative District 1, WA",137250,4154
61000US53002,"Legislative District 2, WA",100417,2575
61000US53003,"Legislative District 3, WA",65749,1719
61000US53004,"Legislative District 4, WA",72314,2025
61000US53005,"Legislative District 5, WA",146755,4687
61000US53006,"Legislative District 6, WA",68509,2087
61000US53007,"Legislative District 7, WA",62732,1869
61000US53008,"Legislative District 8, WA",91763,2872
61000US53009,"Legislative District 9, WA",69532,2650
61000US53010,"Legislative District 10, WA",86493,2295
61000US53011,"Legislative District 11, WA",93041,3975
61000US53012,"Legislative District 12, WA",85845,1947
61000US53013,"Legislative District 13, WA",69272,2075
61000US53014,"Legislative District 14, WA",66311,2015
61000US53015,"Legislative District 15, WA",57178,2158
61000US53016,"Legislative District 16, WA",71089,2233
61000US53017,"Legislative District 17, WA",99363,3013
61000US53018,"Legislative District 18, WA",98216,2692
61000US53019,"Legislative District 19, WA",64006,2463
61000US53020,"Legislative District 20, WA",81141,2600
61000US53021,"Legislative District 21, WA",100508,3492
61000US53022,"Legislative District 22, WA",84132,2913
61000US53023,"Legislative District 23, WA",95446,2361
61000US53024,"Legislative District 24, WA",64051,1805
61000US53025,"Legislative District 25, WA",98091,2495
61000US53026,"Legislative District 26, WA",97746,2852
61000US53027,"Legislative District 27, WA",82746,2792
61000US53028,"Legislative District 28, WA",77169,2663
61000US53029,"Legislative District 29, WA",72485,2497
61000US53030,"Legislative District 30, WA",83472,3701
61000US53031,"Legislative District 31, WA",113889,2082
61000US53032,"Legislative District 32, WA",92532,2820
61000US53033,"Legislative District 33, WA",80473,2732
61000US53034,"Legislative District 34, WA",109477,3375
61000US53035,"Legislative District 35, WA",91060,2257
61000US53036,"Legislative District 36, WA",132142,6579
61000US53037,"Legislative District 37, WA",95794,4126
61000US53038,"Legislative District 38, WA",84109,2807
61000US53039,"Legislative District 39, WA",100738,2198
61000US53040,"Legislative District 40, WA",81613,1998
61000US53041,"Legislative District 41, WA",176908,4036
61000US53042,"Legislative District 42, WA",74722,3170
61000US53043,"Legislative District 43, WA",117067,3304
61000US53044,"Legislative District 44, WA",137020,3254
61000US53045,"Legislative District 45, WA",162491,5810
61000US53046,"Legislative District 46, WA",109561,4122
61000US53047,"Legislative District 47, WA",101061,3375
61000US53048,"Legislative District 48, WA",148591,4968
61000US53049,"Legislative District 49, WA",72450,2404
